{
    "ar_matrix": {
        "4": {
            "1": {
                "1": -0.22099550750405972,
                "0": 0.5278776192334302
            },
            "0": {
                "0": 0.8483453633474107
            },
            "2": {
                "1": 0.20876889233433132,
                "2": 0.6030724105090737
            }
        },
        "1": {
            "1": {
                "1": 0.1982618656672147,
                "0": 0.29213405153783767
            },
            "0": {
                "0": 0.2911776502038586
            },
            "2": {
                "1": -0.11788478069950303,
                "2": 0.1560561153866638
            }
        },
        "2": {
            "1": {
                "1": 0.676662001469958,
                "0": 0.5129276593466888
            },
            "0": {
                "0": 0.584223811103824
            },
            "2": {
                "1": 0.4894714522618168,
                "2": 0.0701797628247417
            }
        },
        "6": {
            "1": {
                "1": 0.24364320630966677,
                "0": -0.15292086504699454
            },
            "0": {
                "0": 0.2043119200194943
            },
            "2": {
                "1": 0.2561032557976157,
                "2": 0.256607798787854
            }
        },
        "11": {
            "1": {
                "1": 0.4860713464010039,
                "0": -0.29617828273722246
            },
            "0": {
                "0": 0.8656729540145682
            },
            "2": {
                "1": 0.5560121843712603,
                "2": 0.4951481878878067
            }
        },
        "5": {
            "1": {
                "1": 0.4293174903144567,
                "0": 0.574886103925988
            },
            "0": {
                "0": 0.7410674087808087
            },
            "2": {
                "1": 0.5110167663542556,
                "2": 0.2801652912211375
            }
        },
        "7": {
            "1": {
                "1": 0.91981635607574,
                "0": 0.6053503320577571
            },
            "0": {
                "0": 0.3299600015368922
            },
            "2": {
                "1": 0.4426185415561707,
                "2": 0.5112475003843306
            }
        },
        "8": {
            "1": {
                "1": 0.18708161024593356,
                "0": 0.9216618032363533
            },
            "0": {
                "0": 0.3172988396318329
            },
            "2": {
                "1": 0.7957410628904726,
                "2": 0.6983183173946497
            }
        },
        "10": {
            "1": {
                "1": 0.5317128873016128,
                "0": 0.33413769150063605
            },
            "0": {
                "0": 0.562993567416256
            },
            "2": {
                "1": 0.5055340332044075,
                "2": 0.07478901379841968
            }
        },
        "0": {
            "1": {
                "1": 0.520047162510167,
                "0": 0.6936213952317218
            },
            "0": {
                "0": 0.9292157037902992
            },
            "2": {
                "1": 0.9602673970449902,
                "2": 1.0722679597604374
            }
        },
        "9": {
            "1": {
                "1": 0.7674611692580979,
                "0": 0.41945683190307287
            },
            "0": {
                "0": 0.5204497165270863
            },
            "2": {
                "1": 0.22437063871666824,
                "2": 0.016093248038728192
            }
        },
        "3": {
            "1": {
                "1": 0.2633402489447971,
                "0": 0.40524374770751703
            },
            "0": {
                "0": 0.19313506667493988
            },
            "2": {
                "1": -0.012485388025405608,
                "2": 0.2938018266239548
            }
        }
    },
    "RHS_noise": [
        [
            [
                2.872485700464228,
                1.1660829192878177,
                5.977773528905538,
                2.358446516912589,
                0.43431013390274575,
                0.45535273316955127,
                9.64129859481314,
                4.666747988185066,
                3.862362882747153,
                3.770665870744099,
                4.301684489708516,
                3.5171568857217475
            ],
            [
                4.162057786806294,
                4.787526565998533,
                5.928888148478156,
                3.10427071777587,
                6.631912307717235,
                28.165182840334424,
                5.28582297859943,
                0.6835262463530811,
                6.082360858468061,
                1.3591130516691876,
                2.9470719165359496,
                2.7427871377614044
            ]
        ],
        [
            [
                4.068859598493616,
                2.3705184365584557,
                3.240097547209636,
                2.8898251177569434,
                5.770272941439644,
                6.6030933828930785,
                3.5627789823922518,
                5.457582325643001,
                5.500232978091451,
                3.379564152742973,
                3.6018057497782965,
                3.210670106692628
            ],
            [
                3.3749221835727914,
                4.470905266612618,
                4.5928308755123295,
                0.18133935985467575,
                7.408315746305525,
                0.9012587727700838,
                3.7436411102468905,
                5.706295271667149,
                0.6546864414031957,
                4.101051024476744,
                5.000930836218192,
                2.3152147502021503
            ]
        ],
        [
            [
                4.29396433834991,
                4.557282691766066,
                5.866870210716401,
                7.9912763178611,
                2.940942012146546,
                8.168446967929576,
                2.2923548965663976,
                7.4159928314611765,
                1.5091763047719209,
                3.8639447903245596,
                2.446564464513276,
                2.244684185646684
            ],
            [
                3.3933438093170905,
                4.646257281906094,
                5.711157361332424,
                0.8904348527364476,
                3.012548622624446,
                2.564898591318989,
                4.151108938190215,
                5.896574166400054,
                3.5111346350668966,
                3.487669974803494,
                1.868422477192774,
                3.4860560785564423
            ]
        ]
    ],
    "initial_inflow": [
        [
            11.70318076326123,
            26.773806986394113,
            20.320470865249007
        ],
        [
            35.41945863464291,
            20.266069836348777,
            33.07516747280557
        ]
    ]
}